forename,surname
Rohith,Ajith
Lee,Marwick
Anupama,Alaparthi
Oliver,Rennie
Ebenezer,Oduro
Omowumi,Akintokung
Angelika,Klicka
Seth,Ampofo
Francesco,Gruosso
Anthony,Okoli
Nabilah,Gelshirani
Roman,Hrynchak
Boryana,Tomova
Sushma Sree,Ramachandra
Sai Gopesh Rayudu,Mellamputi
Tolulope,Ajayi
Ronald,Paris
Kai,Ferguson
Olajumoke,Adekoya
AKASH,PANWAR
Charlie,Priestley
Timilehin,Arigbede
Holly,Sinclair
Fariha,Ibnat
Andreas,Maita
Caitlin,Thaeler
Tserenlkhagva,Ganbold
Tomasz,Moszczynski
Nidhin,Varughese
Neena,Varughese
Tim,Jones
Craig,Leslie
Samuel,Oakman
Kobina,Ampofi-Forson
Zuhaib Adnaan,Syed
Dovydas,Simkus
Bupe,Silungwe
Cara,Porter
Abigail,Smith
Aaron,Duncan
Robert,Paisley
Isaac,Arthur
Gustavo,Rangel
Haries,Ramdhani
WANJIE,ZHONG
Luca,Bellu
Timothy,Ezeokoli
Idahosa,Ehiorobo
Tanush,Govind
Danyl,Kecha
Nora,Lengyel
Benedicta,Kyeremanteng
Akash,Panwar
Mckzyn,Dizon
O,Popla
Lucie,Ross
Oleg,Kovlachuk
Andrew,Lawrie
Kyle,Jones
Joshua,Oakman
Mikolaj,Marciniak`
Sia,Sitaula
Scott,Soiza
Calum,Morrison
Junfeng,Feng
Onyekachi,Obiora
Fatouma,Haidara
Hillary,Etafo
keysan,askari
Dawid,Nosorowski
Stephen,Odunze
Anthony,Olasinde
Morgan,Martin
Doris,E
Laura,Mckell
Stuart,Keith
Melissa,Muet
Info Requested,Info Requested
Jake,Milne
Martin,Meszaros
Finlay,Mackenzie
Arman,Shaikh
Hannah,McCormick
Robbie,Ewen
Rohith,Ajith
Adam,Polec
neve,murchie
Denise,Mills
Abolade,Falana
Toluwatobi,Adeoye
Idris,Adeosun
Oluwatobi,Oluwole
Archana,Prasad
Govind,Kodappully Gopi
Chi,Zhang
Mihail,Beshkov
Bianca,Marincas
Charlie,Braidwood
Matthew,Robertson
Calvin,Earnshaw
Mattia,Di Profio
Thijs,Jager
Johnson,Oshodi
Clara,Ringrose
Ayman,Aldeen
Saul,Rennie
Rozaliya,Markova
Alan,Fleming
Lynn,Ashoka
Lynn,Ashoka
Zahary,Kwidzynski
Bright,Ohakam
Jessie,Solomon
Anuj,Kumar
Info Requested,Info Requested
Sonia,Pathari
Joshua,Newton
Sandeep,Kere
Info Requested,Info Requested
Info Requested,Info Requested
Info Requested,Info Requested
Shruthi,Shruthi
John,Walsham
Prosper,Uba
PROSPER C,Uba
UBA PROSPER C,Uba
Prosper,Uba
Info Requested,Info Requested
Alex,McNaughton
David,Reid
elliot,Priestley
Saraban,Tanha
Gregor,Robb
Vinamra,Sharma
Nathaniel,Cromar
Vinamra,Sharma
Oliver,Rennie
Amanda,Wallis
Dominic,Cameron
Alistair,McCulloch
Doroteya,Stoyanova
Mikolaj,Marciniak
Euan,Murphy
Katherine,Lavery
Enara,Abad
Jordan,Newlands
